answer,provider,model,few shot,temperature,run,file_id
2,gpt,gpt-4.1-mini,1,0,0,1
2,gpt,gpt-4.1-mini,1,0,1,1
2,gpt,gpt-4.1-mini,1,0,2,1
2,gpt,gpt-4.1-mini,1,0,3,1
2,gpt,gpt-4.1-mini,1,0,4,1
2,gpt,gpt-4.1-mini,1,0,5,1
2,gpt,gpt-4.1-mini,1,0,6,1
2,gpt,gpt-4.1-mini,1,0,7,1
2,gpt,gpt-4.1-mini,1,0,8,1
2,gpt,gpt-4.1-mini,1,0,9,1
2,gpt,gpt-4.1-mini,1,0.4,0,1
2,gpt,gpt-4.1-mini,1,0.4,1,1
2,gpt,gpt-4.1-mini,1,0.4,2,1
2,gpt,gpt-4.1-mini,1,0.4,3,1
2,gpt,gpt-4.1-mini,1,0.4,4,1
2,gpt,gpt-4.1-mini,1,0.4,5,1
2,gpt,gpt-4.1-mini,1,0.4,6,1
2,gpt,gpt-4.1-mini,1,0.4,7,1
2,gpt,gpt-4.1-mini,1,0.4,8,1
2,gpt,gpt-4.1-mini,1,0.4,9,1
2,gpt,gpt-4.1-mini,1,0.8,0,1
2,gpt,gpt-4.1-mini,1,0.8,1,1
2,gpt,gpt-4.1-mini,1,0.8,2,1
2,gpt,gpt-4.1-mini,1,0.8,3,1
2,gpt,gpt-4.1-mini,1,0.8,4,1
2,gpt,gpt-4.1-mini,1,0.8,5,1
2,gpt,gpt-4.1-mini,1,0.8,6,1
2,gpt,gpt-4.1-mini,1,0.8,7,1
2,gpt,gpt-4.1-mini,1,0.8,8,1
2,gpt,gpt-4.1-mini,1,0.8,9,1
2,gpt,gpt-4.1-mini,1,1.2,0,1
2,gpt,gpt-4.1-mini,1,1.2,1,1
2,gpt,gpt-4.1-mini,1,1.2,2,1
2,gpt,gpt-4.1-mini,1,1.2,3,1
2,gpt,gpt-4.1-mini,1,1.2,4,1
2,gpt,gpt-4.1-mini,1,1.2,5,1
2,gpt,gpt-4.1-mini,1,1.2,6,1
2,gpt,gpt-4.1-mini,1,1.2,7,1
2,gpt,gpt-4.1-mini,1,1.2,8,1
2,gpt,gpt-4.1-mini,1,1.2,9,1
2,gpt,gpt-4.1-mini,1,1.6,0,1
2,gpt,gpt-4.1-mini,1,1.6,1,1
2,gpt,gpt-4.1-mini,1,1.6,2,1
2,gpt,gpt-4.1-mini,1,1.6,3,1
2,gpt,gpt-4.1-mini,1,1.6,4,1
2,gpt,gpt-4.1-mini,1,1.6,5,1
2,gpt,gpt-4.1-mini,1,1.6,6,1
2,gpt,gpt-4.1-mini,1,1.6,7,1
2,gpt,gpt-4.1-mini,1,1.6,8,1
2,gpt,gpt-4.1-mini,1,1.6,9,1
3,gpt,gpt-4.1-mini,1,0,0,2
3,gpt,gpt-4.1-mini,1,0,1,2
3,gpt,gpt-4.1-mini,1,0,2,2
3,gpt,gpt-4.1-mini,1,0,3,2
3,gpt,gpt-4.1-mini,1,0,4,2
3,gpt,gpt-4.1-mini,1,0,5,2
3,gpt,gpt-4.1-mini,1,0,6,2
3,gpt,gpt-4.1-mini,1,0,7,2
3,gpt,gpt-4.1-mini,1,0,8,2
3,gpt,gpt-4.1-mini,1,0,9,2
3,gpt,gpt-4.1-mini,1,0.4,0,2
3,gpt,gpt-4.1-mini,1,0.4,1,2
3,gpt,gpt-4.1-mini,1,0.4,2,2
3,gpt,gpt-4.1-mini,1,0.4,3,2
3,gpt,gpt-4.1-mini,1,0.4,4,2
3,gpt,gpt-4.1-mini,1,0.4,5,2
3,gpt,gpt-4.1-mini,1,0.4,6,2
3,gpt,gpt-4.1-mini,1,0.4,7,2
3,gpt,gpt-4.1-mini,1,0.4,8,2
3,gpt,gpt-4.1-mini,1,0.4,9,2
3,gpt,gpt-4.1-mini,1,0.8,0,2
3,gpt,gpt-4.1-mini,1,0.8,1,2
3,gpt,gpt-4.1-mini,1,0.8,2,2
3,gpt,gpt-4.1-mini,1,0.8,3,2
3,gpt,gpt-4.1-mini,1,0.8,4,2
3,gpt,gpt-4.1-mini,1,0.8,5,2
3,gpt,gpt-4.1-mini,1,0.8,6,2
3,gpt,gpt-4.1-mini,1,0.8,7,2
3,gpt,gpt-4.1-mini,1,0.8,8,2
3,gpt,gpt-4.1-mini,1,0.8,9,2
3,gpt,gpt-4.1-mini,1,1.2,0,2
3,gpt,gpt-4.1-mini,1,1.2,1,2
3,gpt,gpt-4.1-mini,1,1.2,2,2
3,gpt,gpt-4.1-mini,1,1.2,3,2
3,gpt,gpt-4.1-mini,1,1.2,4,2
3,gpt,gpt-4.1-mini,1,1.2,5,2
3,gpt,gpt-4.1-mini,1,1.2,6,2
3,gpt,gpt-4.1-mini,1,1.2,7,2
3,gpt,gpt-4.1-mini,1,1.2,8,2
3,gpt,gpt-4.1-mini,1,1.2,9,2
3,gpt,gpt-4.1-mini,1,1.6,0,2
3,gpt,gpt-4.1-mini,1,1.6,1,2
3,gpt,gpt-4.1-mini,1,1.6,2,2
3,gpt,gpt-4.1-mini,1,1.6,3,2
3,gpt,gpt-4.1-mini,1,1.6,4,2
3,gpt,gpt-4.1-mini,1,1.6,5,2
3,gpt,gpt-4.1-mini,1,1.6,6,2
3,gpt,gpt-4.1-mini,1,1.6,7,2
3,gpt,gpt-4.1-mini,1,1.6,8,2
3,gpt,gpt-4.1-mini,1,1.6,9,2
3,gpt,gpt-4.1-mini,1,0,0,3
3,gpt,gpt-4.1-mini,1,0,1,3
3,gpt,gpt-4.1-mini,1,0,2,3
3,gpt,gpt-4.1-mini,1,0,3,3
3,gpt,gpt-4.1-mini,1,0,4,3
3,gpt,gpt-4.1-mini,1,0,5,3
3,gpt,gpt-4.1-mini,1,0,6,3
3,gpt,gpt-4.1-mini,1,0,7,3
3,gpt,gpt-4.1-mini,1,0,8,3
3,gpt,gpt-4.1-mini,1,0,9,3
3,gpt,gpt-4.1-mini,1,0.4,0,3
3,gpt,gpt-4.1-mini,1,0.4,1,3
3,gpt,gpt-4.1-mini,1,0.4,2,3
3,gpt,gpt-4.1-mini,1,0.4,3,3
3,gpt,gpt-4.1-mini,1,0.4,4,3
3,gpt,gpt-4.1-mini,1,0.4,5,3
3,gpt,gpt-4.1-mini,1,0.4,6,3
3,gpt,gpt-4.1-mini,1,0.4,7,3
3,gpt,gpt-4.1-mini,1,0.4,8,3
3,gpt,gpt-4.1-mini,1,0.4,9,3
3,gpt,gpt-4.1-mini,1,0.8,0,3
3,gpt,gpt-4.1-mini,1,0.8,1,3
3,gpt,gpt-4.1-mini,1,0.8,2,3
3,gpt,gpt-4.1-mini,1,0.8,3,3
3,gpt,gpt-4.1-mini,1,0.8,4,3
3,gpt,gpt-4.1-mini,1,0.8,5,3
3,gpt,gpt-4.1-mini,1,0.8,6,3
3,gpt,gpt-4.1-mini,1,0.8,7,3
3,gpt,gpt-4.1-mini,1,0.8,8,3
3,gpt,gpt-4.1-mini,1,0.8,9,3
3,gpt,gpt-4.1-mini,1,1.2,0,3
3,gpt,gpt-4.1-mini,1,1.2,1,3
3,gpt,gpt-4.1-mini,1,1.2,2,3
3,gpt,gpt-4.1-mini,1,1.2,3,3
3,gpt,gpt-4.1-mini,1,1.2,4,3
3,gpt,gpt-4.1-mini,1,1.2,5,3
3,gpt,gpt-4.1-mini,1,1.2,6,3
3,gpt,gpt-4.1-mini,1,1.2,7,3
3,gpt,gpt-4.1-mini,1,1.2,8,3
3,gpt,gpt-4.1-mini,1,1.2,9,3
3,gpt,gpt-4.1-mini,1,1.6,0,3
3,gpt,gpt-4.1-mini,1,1.6,1,3
3,gpt,gpt-4.1-mini,1,1.6,2,3
3,gpt,gpt-4.1-mini,1,1.6,3,3
3,gpt,gpt-4.1-mini,1,1.6,4,3
3,gpt,gpt-4.1-mini,1,1.6,5,3
3,gpt,gpt-4.1-mini,1,1.6,6,3
3,gpt,gpt-4.1-mini,1,1.6,7,3
3,gpt,gpt-4.1-mini,1,1.6,8,3
3,gpt,gpt-4.1-mini,1,1.6,9,3
0,gpt,gpt-4.1-mini,1,0,0,4
0,gpt,gpt-4.1-mini,1,0,1,4
0,gpt,gpt-4.1-mini,1,0,2,4
2,gpt,gpt-4.1-mini,1,0,3,4
0,gpt,gpt-4.1-mini,1,0,4,4
0,gpt,gpt-4.1-mini,1,0,5,4
0,gpt,gpt-4.1-mini,1,0,6,4
2,gpt,gpt-4.1-mini,1,0,7,4
0,gpt,gpt-4.1-mini,1,0,8,4
2,gpt,gpt-4.1-mini,1,0,9,4
0,gpt,gpt-4.1-mini,1,0.4,0,4
0,gpt,gpt-4.1-mini,1,0.4,1,4
0,gpt,gpt-4.1-mini,1,0.4,2,4
0,gpt,gpt-4.1-mini,1,0.4,3,4
0,gpt,gpt-4.1-mini,1,0.4,4,4
0,gpt,gpt-4.1-mini,1,0.4,5,4
2,gpt,gpt-4.1-mini,1,0.4,6,4
0,gpt,gpt-4.1-mini,1,0.4,7,4
0,gpt,gpt-4.1-mini,1,0.4,8,4
0,gpt,gpt-4.1-mini,1,0.4,9,4
2,gpt,gpt-4.1-mini,1,0.8,0,4
0,gpt,gpt-4.1-mini,1,0.8,1,4
0,gpt,gpt-4.1-mini,1,0.8,2,4
0,gpt,gpt-4.1-mini,1,0.8,3,4
0,gpt,gpt-4.1-mini,1,0.8,4,4
0,gpt,gpt-4.1-mini,1,0.8,5,4
0,gpt,gpt-4.1-mini,1,0.8,6,4
0,gpt,gpt-4.1-mini,1,0.8,7,4
0,gpt,gpt-4.1-mini,1,0.8,8,4
0,gpt,gpt-4.1-mini,1,0.8,9,4
2,gpt,gpt-4.1-mini,1,1.2,0,4
0,gpt,gpt-4.1-mini,1,1.2,1,4
0,gpt,gpt-4.1-mini,1,1.2,2,4
0,gpt,gpt-4.1-mini,1,1.2,3,4
0,gpt,gpt-4.1-mini,1,1.2,4,4
0,gpt,gpt-4.1-mini,1,1.2,5,4
2,gpt,gpt-4.1-mini,1,1.2,6,4
0,gpt,gpt-4.1-mini,1,1.2,7,4
0,gpt,gpt-4.1-mini,1,1.2,8,4
0,gpt,gpt-4.1-mini,1,1.2,9,4
0,gpt,gpt-4.1-mini,1,1.6,0,4
2,gpt,gpt-4.1-mini,1,1.6,1,4
0,gpt,gpt-4.1-mini,1,1.6,2,4
2,gpt,gpt-4.1-mini,1,1.6,3,4
2,gpt,gpt-4.1-mini,1,1.6,4,4
0,gpt,gpt-4.1-mini,1,1.6,5,4
0,gpt,gpt-4.1-mini,1,1.6,6,4
0,gpt,gpt-4.1-mini,1,1.6,7,4
0,gpt,gpt-4.1-mini,1,1.6,8,4
0,gpt,gpt-4.1-mini,1,1.6,9,4
2,gpt,gpt-4.1-mini,1,0,0,5
1,gpt,gpt-4.1-mini,1,0,1,5
2,gpt,gpt-4.1-mini,1,0,2,5
1,gpt,gpt-4.1-mini,1,0,3,5
1,gpt,gpt-4.1-mini,1,0,4,5
1,gpt,gpt-4.1-mini,1,0,5,5
1,gpt,gpt-4.1-mini,1,0,6,5
1,gpt,gpt-4.1-mini,1,0,7,5
1,gpt,gpt-4.1-mini,1,0,8,5
1,gpt,gpt-4.1-mini,1,0,9,5
1,gpt,gpt-4.1-mini,1,0.4,0,5
1,gpt,gpt-4.1-mini,1,0.4,1,5
1,gpt,gpt-4.1-mini,1,0.4,2,5
2,gpt,gpt-4.1-mini,1,0.4,3,5
1,gpt,gpt-4.1-mini,1,0.4,4,5
1,gpt,gpt-4.1-mini,1,0.4,5,5
1,gpt,gpt-4.1-mini,1,0.4,6,5
2,gpt,gpt-4.1-mini,1,0.4,7,5
1,gpt,gpt-4.1-mini,1,0.4,8,5
1,gpt,gpt-4.1-mini,1,0.4,9,5
1,gpt,gpt-4.1-mini,1,0.8,0,5
1,gpt,gpt-4.1-mini,1,0.8,1,5
2,gpt,gpt-4.1-mini,1,0.8,2,5
1,gpt,gpt-4.1-mini,1,0.8,3,5
1,gpt,gpt-4.1-mini,1,0.8,4,5
1,gpt,gpt-4.1-mini,1,0.8,5,5
1,gpt,gpt-4.1-mini,1,0.8,6,5
1,gpt,gpt-4.1-mini,1,0.8,7,5
2,gpt,gpt-4.1-mini,1,0.8,8,5
1,gpt,gpt-4.1-mini,1,0.8,9,5
2,gpt,gpt-4.1-mini,1,1.2,0,5
1,gpt,gpt-4.1-mini,1,1.2,1,5
2,gpt,gpt-4.1-mini,1,1.2,2,5
1,gpt,gpt-4.1-mini,1,1.2,3,5
2,gpt,gpt-4.1-mini,1,1.2,4,5
1,gpt,gpt-4.1-mini,1,1.2,5,5
2,gpt,gpt-4.1-mini,1,1.2,6,5
1,gpt,gpt-4.1-mini,1,1.2,7,5
1,gpt,gpt-4.1-mini,1,1.2,8,5
2,gpt,gpt-4.1-mini,1,1.2,9,5
1,gpt,gpt-4.1-mini,1,1.6,0,5
1,gpt,gpt-4.1-mini,1,1.6,1,5
1,gpt,gpt-4.1-mini,1,1.6,2,5
3,gpt,gpt-4.1-mini,1,1.6,3,5
1,gpt,gpt-4.1-mini,1,1.6,4,5
1,gpt,gpt-4.1-mini,1,1.6,5,5
1,gpt,gpt-4.1-mini,1,1.6,6,5
2,gpt,gpt-4.1-mini,1,1.6,7,5
1,gpt,gpt-4.1-mini,1,1.6,8,5
2,gpt,gpt-4.1-mini,1,1.6,9,5
1,gpt,gpt-4.1-mini,1,0,0,6
1,gpt,gpt-4.1-mini,1,0,1,6
1,gpt,gpt-4.1-mini,1,0,2,6
1,gpt,gpt-4.1-mini,1,0,3,6
1,gpt,gpt-4.1-mini,1,0,4,6
1,gpt,gpt-4.1-mini,1,0,5,6
1,gpt,gpt-4.1-mini,1,0,6,6
1,gpt,gpt-4.1-mini,1,0,7,6
1,gpt,gpt-4.1-mini,1,0,8,6
1,gpt,gpt-4.1-mini,1,0,9,6
1,gpt,gpt-4.1-mini,1,0.4,0,6
1,gpt,gpt-4.1-mini,1,0.4,1,6
1,gpt,gpt-4.1-mini,1,0.4,2,6
1,gpt,gpt-4.1-mini,1,0.4,3,6
1,gpt,gpt-4.1-mini,1,0.4,4,6
1,gpt,gpt-4.1-mini,1,0.4,5,6
1,gpt,gpt-4.1-mini,1,0.4,6,6
1,gpt,gpt-4.1-mini,1,0.4,7,6
1,gpt,gpt-4.1-mini,1,0.4,8,6
1,gpt,gpt-4.1-mini,1,0.4,9,6
1,gpt,gpt-4.1-mini,1,0.8,0,6
3,gpt,gpt-4.1-mini,1,0.8,1,6
1,gpt,gpt-4.1-mini,1,0.8,2,6
1,gpt,gpt-4.1-mini,1,0.8,3,6
1,gpt,gpt-4.1-mini,1,0.8,4,6
1,gpt,gpt-4.1-mini,1,0.8,5,6
1,gpt,gpt-4.1-mini,1,0.8,6,6
1,gpt,gpt-4.1-mini,1,0.8,7,6
1,gpt,gpt-4.1-mini,1,0.8,8,6
2,gpt,gpt-4.1-mini,1,0.8,9,6
1,gpt,gpt-4.1-mini,1,1.2,0,6
2,gpt,gpt-4.1-mini,1,1.2,1,6
3,gpt,gpt-4.1-mini,1,1.2,2,6
3,gpt,gpt-4.1-mini,1,1.2,3,6
1,gpt,gpt-4.1-mini,1,1.2,4,6
3,gpt,gpt-4.1-mini,1,1.2,5,6
1,gpt,gpt-4.1-mini,1,1.2,6,6
1,gpt,gpt-4.1-mini,1,1.2,7,6
1,gpt,gpt-4.1-mini,1,1.2,8,6
1,gpt,gpt-4.1-mini,1,1.2,9,6
3,gpt,gpt-4.1-mini,1,1.6,0,6
1,gpt,gpt-4.1-mini,1,1.6,1,6
1,gpt,gpt-4.1-mini,1,1.6,2,6
1,gpt,gpt-4.1-mini,1,1.6,3,6
1,gpt,gpt-4.1-mini,1,1.6,4,6
1,gpt,gpt-4.1-mini,1,1.6,5,6
1,gpt,gpt-4.1-mini,1,1.6,6,6
3,gpt,gpt-4.1-mini,1,1.6,7,6
1,gpt,gpt-4.1-mini,1,1.6,8,6
1,gpt,gpt-4.1-mini,1,1.6,9,6
3,gpt,gpt-4.1-mini,1,0,0,7
3,gpt,gpt-4.1-mini,1,0,1,7
3,gpt,gpt-4.1-mini,1,0,2,7
3,gpt,gpt-4.1-mini,1,0,3,7
3,gpt,gpt-4.1-mini,1,0,4,7
3,gpt,gpt-4.1-mini,1,0,5,7
3,gpt,gpt-4.1-mini,1,0,6,7
3,gpt,gpt-4.1-mini,1,0,7,7
3,gpt,gpt-4.1-mini,1,0,8,7
3,gpt,gpt-4.1-mini,1,0,9,7
3,gpt,gpt-4.1-mini,1,0.4,0,7
3,gpt,gpt-4.1-mini,1,0.4,1,7
3,gpt,gpt-4.1-mini,1,0.4,2,7
3,gpt,gpt-4.1-mini,1,0.4,3,7
3,gpt,gpt-4.1-mini,1,0.4,4,7
3,gpt,gpt-4.1-mini,1,0.4,5,7
3,gpt,gpt-4.1-mini,1,0.4,6,7
3,gpt,gpt-4.1-mini,1,0.4,7,7
3,gpt,gpt-4.1-mini,1,0.4,8,7
3,gpt,gpt-4.1-mini,1,0.4,9,7
3,gpt,gpt-4.1-mini,1,0.8,0,7
3,gpt,gpt-4.1-mini,1,0.8,1,7
3,gpt,gpt-4.1-mini,1,0.8,2,7
3,gpt,gpt-4.1-mini,1,0.8,3,7
3,gpt,gpt-4.1-mini,1,0.8,4,7
3,gpt,gpt-4.1-mini,1,0.8,5,7
3,gpt,gpt-4.1-mini,1,0.8,6,7
3,gpt,gpt-4.1-mini,1,0.8,7,7
3,gpt,gpt-4.1-mini,1,0.8,8,7
3,gpt,gpt-4.1-mini,1,0.8,9,7
3,gpt,gpt-4.1-mini,1,1.2,0,7
3,gpt,gpt-4.1-mini,1,1.2,1,7
3,gpt,gpt-4.1-mini,1,1.2,2,7
3,gpt,gpt-4.1-mini,1,1.2,3,7
3,gpt,gpt-4.1-mini,1,1.2,4,7
3,gpt,gpt-4.1-mini,1,1.2,5,7
3,gpt,gpt-4.1-mini,1,1.2,6,7
3,gpt,gpt-4.1-mini,1,1.2,7,7
3,gpt,gpt-4.1-mini,1,1.2,8,7
3,gpt,gpt-4.1-mini,1,1.2,9,7
3,gpt,gpt-4.1-mini,1,1.6,0,7
3,gpt,gpt-4.1-mini,1,1.6,1,7
3,gpt,gpt-4.1-mini,1,1.6,2,7
3,gpt,gpt-4.1-mini,1,1.6,3,7
3,gpt,gpt-4.1-mini,1,1.6,4,7
3,gpt,gpt-4.1-mini,1,1.6,5,7
3,gpt,gpt-4.1-mini,1,1.6,6,7
3,gpt,gpt-4.1-mini,1,1.6,7,7
3,gpt,gpt-4.1-mini,1,1.6,8,7
3,gpt,gpt-4.1-mini,1,1.6,9,7
3,gpt,gpt-4.1-mini,1,0,0,8
3,gpt,gpt-4.1-mini,1,0,1,8
3,gpt,gpt-4.1-mini,1,0,2,8
3,gpt,gpt-4.1-mini,1,0,3,8
3,gpt,gpt-4.1-mini,1,0,4,8
3,gpt,gpt-4.1-mini,1,0,5,8
3,gpt,gpt-4.1-mini,1,0,6,8
3,gpt,gpt-4.1-mini,1,0,7,8
3,gpt,gpt-4.1-mini,1,0,8,8
3,gpt,gpt-4.1-mini,1,0,9,8
3,gpt,gpt-4.1-mini,1,0.4,0,8
3,gpt,gpt-4.1-mini,1,0.4,1,8
3,gpt,gpt-4.1-mini,1,0.4,2,8
3,gpt,gpt-4.1-mini,1,0.4,3,8
3,gpt,gpt-4.1-mini,1,0.4,4,8
3,gpt,gpt-4.1-mini,1,0.4,5,8
3,gpt,gpt-4.1-mini,1,0.4,6,8
3,gpt,gpt-4.1-mini,1,0.4,7,8
3,gpt,gpt-4.1-mini,1,0.4,8,8
3,gpt,gpt-4.1-mini,1,0.4,9,8
3,gpt,gpt-4.1-mini,1,0.8,0,8
3,gpt,gpt-4.1-mini,1,0.8,1,8
3,gpt,gpt-4.1-mini,1,0.8,2,8
3,gpt,gpt-4.1-mini,1,0.8,3,8
3,gpt,gpt-4.1-mini,1,0.8,4,8
3,gpt,gpt-4.1-mini,1,0.8,5,8
3,gpt,gpt-4.1-mini,1,0.8,6,8
3,gpt,gpt-4.1-mini,1,0.8,7,8
3,gpt,gpt-4.1-mini,1,0.8,8,8
3,gpt,gpt-4.1-mini,1,0.8,9,8
3,gpt,gpt-4.1-mini,1,1.2,0,8
3,gpt,gpt-4.1-mini,1,1.2,1,8
3,gpt,gpt-4.1-mini,1,1.2,2,8
3,gpt,gpt-4.1-mini,1,1.2,3,8
3,gpt,gpt-4.1-mini,1,1.2,4,8
3,gpt,gpt-4.1-mini,1,1.2,5,8
2,gpt,gpt-4.1-mini,1,1.2,6,8
3,gpt,gpt-4.1-mini,1,1.2,7,8
3,gpt,gpt-4.1-mini,1,1.2,8,8
3,gpt,gpt-4.1-mini,1,1.2,9,8
3,gpt,gpt-4.1-mini,1,1.6,0,8
3,gpt,gpt-4.1-mini,1,1.6,1,8
3,gpt,gpt-4.1-mini,1,1.6,2,8
3,gpt,gpt-4.1-mini,1,1.6,3,8
3,gpt,gpt-4.1-mini,1,1.6,4,8
3,gpt,gpt-4.1-mini,1,1.6,5,8
2,gpt,gpt-4.1-mini,1,1.6,6,8
3,gpt,gpt-4.1-mini,1,1.6,7,8
3,gpt,gpt-4.1-mini,1,1.6,8,8
2,gpt,gpt-4.1-mini,1,1.6,9,8
3,gpt,gpt-4.1-mini,1,0,0,9
3,gpt,gpt-4.1-mini,1,0,1,9
3,gpt,gpt-4.1-mini,1,0,2,9
3,gpt,gpt-4.1-mini,1,0,3,9
3,gpt,gpt-4.1-mini,1,0,4,9
3,gpt,gpt-4.1-mini,1,0,5,9
3,gpt,gpt-4.1-mini,1,0,6,9
3,gpt,gpt-4.1-mini,1,0,7,9
3,gpt,gpt-4.1-mini,1,0,8,9
3,gpt,gpt-4.1-mini,1,0,9,9
3,gpt,gpt-4.1-mini,1,0.4,0,9
3,gpt,gpt-4.1-mini,1,0.4,1,9
3,gpt,gpt-4.1-mini,1,0.4,2,9
3,gpt,gpt-4.1-mini,1,0.4,3,9
3,gpt,gpt-4.1-mini,1,0.4,4,9
3,gpt,gpt-4.1-mini,1,0.4,5,9
3,gpt,gpt-4.1-mini,1,0.4,6,9
3,gpt,gpt-4.1-mini,1,0.4,7,9
3,gpt,gpt-4.1-mini,1,0.4,8,9
3,gpt,gpt-4.1-mini,1,0.4,9,9
3,gpt,gpt-4.1-mini,1,0.8,0,9
3,gpt,gpt-4.1-mini,1,0.8,1,9
3,gpt,gpt-4.1-mini,1,0.8,2,9
3,gpt,gpt-4.1-mini,1,0.8,3,9
3,gpt,gpt-4.1-mini,1,0.8,4,9
3,gpt,gpt-4.1-mini,1,0.8,5,9
3,gpt,gpt-4.1-mini,1,0.8,6,9
3,gpt,gpt-4.1-mini,1,0.8,7,9
3,gpt,gpt-4.1-mini,1,0.8,8,9
3,gpt,gpt-4.1-mini,1,0.8,9,9
3,gpt,gpt-4.1-mini,1,1.2,0,9
3,gpt,gpt-4.1-mini,1,1.2,1,9
3,gpt,gpt-4.1-mini,1,1.2,2,9
3,gpt,gpt-4.1-mini,1,1.2,3,9
3,gpt,gpt-4.1-mini,1,1.2,4,9
3,gpt,gpt-4.1-mini,1,1.2,5,9
3,gpt,gpt-4.1-mini,1,1.2,6,9
3,gpt,gpt-4.1-mini,1,1.2,7,9
3,gpt,gpt-4.1-mini,1,1.2,8,9
3,gpt,gpt-4.1-mini,1,1.2,9,9
3,gpt,gpt-4.1-mini,1,1.6,0,9
3,gpt,gpt-4.1-mini,1,1.6,1,9
3,gpt,gpt-4.1-mini,1,1.6,2,9
3,gpt,gpt-4.1-mini,1,1.6,3,9
1,gpt,gpt-4.1-mini,1,1.6,4,9
3,gpt,gpt-4.1-mini,1,1.6,5,9
3,gpt,gpt-4.1-mini,1,1.6,6,9
3,gpt,gpt-4.1-mini,1,1.6,7,9
3,gpt,gpt-4.1-mini,1,1.6,8,9
3,gpt,gpt-4.1-mini,1,1.6,9,9
3,gpt,gpt-4.1-mini,1,0,0,10
3,gpt,gpt-4.1-mini,1,0,1,10
3,gpt,gpt-4.1-mini,1,0,2,10
3,gpt,gpt-4.1-mini,1,0,3,10
3,gpt,gpt-4.1-mini,1,0,4,10
3,gpt,gpt-4.1-mini,1,0,5,10
3,gpt,gpt-4.1-mini,1,0,6,10
3,gpt,gpt-4.1-mini,1,0,7,10
3,gpt,gpt-4.1-mini,1,0,8,10
3,gpt,gpt-4.1-mini,1,0,9,10
3,gpt,gpt-4.1-mini,1,0.4,0,10
3,gpt,gpt-4.1-mini,1,0.4,1,10
3,gpt,gpt-4.1-mini,1,0.4,2,10
3,gpt,gpt-4.1-mini,1,0.4,3,10
3,gpt,gpt-4.1-mini,1,0.4,4,10
3,gpt,gpt-4.1-mini,1,0.4,5,10
3,gpt,gpt-4.1-mini,1,0.4,6,10
3,gpt,gpt-4.1-mini,1,0.4,7,10
3,gpt,gpt-4.1-mini,1,0.4,8,10
3,gpt,gpt-4.1-mini,1,0.4,9,10
3,gpt,gpt-4.1-mini,1,0.8,0,10
3,gpt,gpt-4.1-mini,1,0.8,1,10
3,gpt,gpt-4.1-mini,1,0.8,2,10
3,gpt,gpt-4.1-mini,1,0.8,3,10
3,gpt,gpt-4.1-mini,1,0.8,4,10
3,gpt,gpt-4.1-mini,1,0.8,5,10
3,gpt,gpt-4.1-mini,1,0.8,6,10
3,gpt,gpt-4.1-mini,1,0.8,7,10
3,gpt,gpt-4.1-mini,1,0.8,8,10
3,gpt,gpt-4.1-mini,1,0.8,9,10
3,gpt,gpt-4.1-mini,1,1.2,0,10
3,gpt,gpt-4.1-mini,1,1.2,1,10
3,gpt,gpt-4.1-mini,1,1.2,2,10
3,gpt,gpt-4.1-mini,1,1.2,3,10
3,gpt,gpt-4.1-mini,1,1.2,4,10
3,gpt,gpt-4.1-mini,1,1.2,5,10
3,gpt,gpt-4.1-mini,1,1.2,6,10
3,gpt,gpt-4.1-mini,1,1.2,7,10
3,gpt,gpt-4.1-mini,1,1.2,8,10
3,gpt,gpt-4.1-mini,1,1.2,9,10
3,gpt,gpt-4.1-mini,1,1.6,0,10
3,gpt,gpt-4.1-mini,1,1.6,1,10
3,gpt,gpt-4.1-mini,1,1.6,2,10
3,gpt,gpt-4.1-mini,1,1.6,3,10
3,gpt,gpt-4.1-mini,1,1.6,4,10
3,gpt,gpt-4.1-mini,1,1.6,5,10
3,gpt,gpt-4.1-mini,1,1.6,6,10
3,gpt,gpt-4.1-mini,1,1.6,7,10
3,gpt,gpt-4.1-mini,1,1.6,8,10
3,gpt,gpt-4.1-mini,1,1.6,9,10
3,gpt,gpt-4.1-mini,1,0,0,11
3,gpt,gpt-4.1-mini,1,0,1,11
3,gpt,gpt-4.1-mini,1,0,2,11
3,gpt,gpt-4.1-mini,1,0,3,11
1,gpt,gpt-4.1-mini,1,0,4,11
3,gpt,gpt-4.1-mini,1,0,5,11
3,gpt,gpt-4.1-mini,1,0,6,11
3,gpt,gpt-4.1-mini,1,0,7,11
3,gpt,gpt-4.1-mini,1,0,8,11
3,gpt,gpt-4.1-mini,1,0,9,11
3,gpt,gpt-4.1-mini,1,0.4,0,11
3,gpt,gpt-4.1-mini,1,0.4,1,11
1,gpt,gpt-4.1-mini,1,0.4,2,11
3,gpt,gpt-4.1-mini,1,0.4,3,11
3,gpt,gpt-4.1-mini,1,0.4,4,11
1,gpt,gpt-4.1-mini,1,0.4,5,11
3,gpt,gpt-4.1-mini,1,0.4,6,11
3,gpt,gpt-4.1-mini,1,0.4,7,11
3,gpt,gpt-4.1-mini,1,0.4,8,11
3,gpt,gpt-4.1-mini,1,0.4,9,11
3,gpt,gpt-4.1-mini,1,0.8,0,11
3,gpt,gpt-4.1-mini,1,0.8,1,11
3,gpt,gpt-4.1-mini,1,0.8,2,11
3,gpt,gpt-4.1-mini,1,0.8,3,11
1,gpt,gpt-4.1-mini,1,0.8,4,11
1,gpt,gpt-4.1-mini,1,0.8,5,11
3,gpt,gpt-4.1-mini,1,0.8,6,11
3,gpt,gpt-4.1-mini,1,0.8,7,11
3,gpt,gpt-4.1-mini,1,0.8,8,11
3,gpt,gpt-4.1-mini,1,0.8,9,11
3,gpt,gpt-4.1-mini,1,1.2,0,11
3,gpt,gpt-4.1-mini,1,1.2,1,11
1,gpt,gpt-4.1-mini,1,1.2,2,11
3,gpt,gpt-4.1-mini,1,1.2,3,11
3,gpt,gpt-4.1-mini,1,1.2,4,11
1,gpt,gpt-4.1-mini,1,1.2,5,11
3,gpt,gpt-4.1-mini,1,1.2,6,11
3,gpt,gpt-4.1-mini,1,1.2,7,11
1,gpt,gpt-4.1-mini,1,1.2,8,11
3,gpt,gpt-4.1-mini,1,1.2,9,11
3,gpt,gpt-4.1-mini,1,1.6,0,11
3,gpt,gpt-4.1-mini,1,1.6,1,11
3,gpt,gpt-4.1-mini,1,1.6,2,11
3,gpt,gpt-4.1-mini,1,1.6,3,11
3,gpt,gpt-4.1-mini,1,1.6,4,11
3,gpt,gpt-4.1-mini,1,1.6,5,11
3,gpt,gpt-4.1-mini,1,1.6,6,11
3,gpt,gpt-4.1-mini,1,1.6,7,11
3,gpt,gpt-4.1-mini,1,1.6,8,11
3,gpt,gpt-4.1-mini,1,1.6,9,11
3,gpt,gpt-4.1-mini,1,0,0,12
3,gpt,gpt-4.1-mini,1,0,1,12
3,gpt,gpt-4.1-mini,1,0,2,12
3,gpt,gpt-4.1-mini,1,0,3,12
3,gpt,gpt-4.1-mini,1,0,4,12
3,gpt,gpt-4.1-mini,1,0,5,12
3,gpt,gpt-4.1-mini,1,0,6,12
3,gpt,gpt-4.1-mini,1,0,7,12
3,gpt,gpt-4.1-mini,1,0,8,12
3,gpt,gpt-4.1-mini,1,0,9,12
3,gpt,gpt-4.1-mini,1,0.4,0,12
3,gpt,gpt-4.1-mini,1,0.4,1,12
3,gpt,gpt-4.1-mini,1,0.4,2,12
3,gpt,gpt-4.1-mini,1,0.4,3,12
3,gpt,gpt-4.1-mini,1,0.4,4,12
3,gpt,gpt-4.1-mini,1,0.4,5,12
3,gpt,gpt-4.1-mini,1,0.4,6,12
3,gpt,gpt-4.1-mini,1,0.4,7,12
3,gpt,gpt-4.1-mini,1,0.4,8,12
3,gpt,gpt-4.1-mini,1,0.4,9,12
3,gpt,gpt-4.1-mini,1,0.8,0,12
3,gpt,gpt-4.1-mini,1,0.8,1,12
3,gpt,gpt-4.1-mini,1,0.8,2,12
3,gpt,gpt-4.1-mini,1,0.8,3,12
3,gpt,gpt-4.1-mini,1,0.8,4,12
3,gpt,gpt-4.1-mini,1,0.8,5,12
3,gpt,gpt-4.1-mini,1,0.8,6,12
3,gpt,gpt-4.1-mini,1,0.8,7,12
3,gpt,gpt-4.1-mini,1,0.8,8,12
3,gpt,gpt-4.1-mini,1,0.8,9,12
3,gpt,gpt-4.1-mini,1,1.2,0,12
3,gpt,gpt-4.1-mini,1,1.2,1,12
3,gpt,gpt-4.1-mini,1,1.2,2,12
3,gpt,gpt-4.1-mini,1,1.2,3,12
3,gpt,gpt-4.1-mini,1,1.2,4,12
3,gpt,gpt-4.1-mini,1,1.2,5,12
3,gpt,gpt-4.1-mini,1,1.2,6,12
3,gpt,gpt-4.1-mini,1,1.2,7,12
3,gpt,gpt-4.1-mini,1,1.2,8,12
3,gpt,gpt-4.1-mini,1,1.2,9,12
3,gpt,gpt-4.1-mini,1,1.6,0,12
3,gpt,gpt-4.1-mini,1,1.6,1,12
3,gpt,gpt-4.1-mini,1,1.6,2,12
3,gpt,gpt-4.1-mini,1,1.6,3,12
3,gpt,gpt-4.1-mini,1,1.6,4,12
3,gpt,gpt-4.1-mini,1,1.6,5,12
3,gpt,gpt-4.1-mini,1,1.6,6,12
3,gpt,gpt-4.1-mini,1,1.6,7,12
3,gpt,gpt-4.1-mini,1,1.6,8,12
3,gpt,gpt-4.1-mini,1,1.6,9,12
3,gpt,gpt-4.1-mini,1,0,0,13
3,gpt,gpt-4.1-mini,1,0,1,13
3,gpt,gpt-4.1-mini,1,0,2,13
3,gpt,gpt-4.1-mini,1,0,3,13
3,gpt,gpt-4.1-mini,1,0,4,13
3,gpt,gpt-4.1-mini,1,0,5,13
3,gpt,gpt-4.1-mini,1,0,6,13
3,gpt,gpt-4.1-mini,1,0,7,13
3,gpt,gpt-4.1-mini,1,0,8,13
3,gpt,gpt-4.1-mini,1,0,9,13
3,gpt,gpt-4.1-mini,1,0.4,0,13
3,gpt,gpt-4.1-mini,1,0.4,1,13
3,gpt,gpt-4.1-mini,1,0.4,2,13
3,gpt,gpt-4.1-mini,1,0.4,3,13
1,gpt,gpt-4.1-mini,1,0.4,4,13
1,gpt,gpt-4.1-mini,1,0.4,5,13
3,gpt,gpt-4.1-mini,1,0.4,6,13
1,gpt,gpt-4.1-mini,1,0.4,7,13
3,gpt,gpt-4.1-mini,1,0.4,8,13
3,gpt,gpt-4.1-mini,1,0.4,9,13
3,gpt,gpt-4.1-mini,1,0.8,0,13
3,gpt,gpt-4.1-mini,1,0.8,1,13
3,gpt,gpt-4.1-mini,1,0.8,2,13
1,gpt,gpt-4.1-mini,1,0.8,3,13
3,gpt,gpt-4.1-mini,1,0.8,4,13
1,gpt,gpt-4.1-mini,1,0.8,5,13
3,gpt,gpt-4.1-mini,1,0.8,6,13
3,gpt,gpt-4.1-mini,1,0.8,7,13
3,gpt,gpt-4.1-mini,1,0.8,8,13
3,gpt,gpt-4.1-mini,1,0.8,9,13
1,gpt,gpt-4.1-mini,1,1.2,0,13
3,gpt,gpt-4.1-mini,1,1.2,1,13
3,gpt,gpt-4.1-mini,1,1.2,2,13
3,gpt,gpt-4.1-mini,1,1.2,3,13
3,gpt,gpt-4.1-mini,1,1.2,4,13
1,gpt,gpt-4.1-mini,1,1.2,5,13
3,gpt,gpt-4.1-mini,1,1.2,6,13
3,gpt,gpt-4.1-mini,1,1.2,7,13
1,gpt,gpt-4.1-mini,1,1.2,8,13
3,gpt,gpt-4.1-mini,1,1.2,9,13
3,gpt,gpt-4.1-mini,1,1.6,0,13
1,gpt,gpt-4.1-mini,1,1.6,1,13
3,gpt,gpt-4.1-mini,1,1.6,2,13
3,gpt,gpt-4.1-mini,1,1.6,3,13
3,gpt,gpt-4.1-mini,1,1.6,4,13
1,gpt,gpt-4.1-mini,1,1.6,5,13
3,gpt,gpt-4.1-mini,1,1.6,6,13
3,gpt,gpt-4.1-mini,1,1.6,7,13
3,gpt,gpt-4.1-mini,1,1.6,8,13
3,gpt,gpt-4.1-mini,1,1.6,9,13
2,gpt,gpt-4.1-mini,1,0,0,14
2,gpt,gpt-4.1-mini,1,0,1,14
2,gpt,gpt-4.1-mini,1,0,2,14
2,gpt,gpt-4.1-mini,1,0,3,14
2,gpt,gpt-4.1-mini,1,0,4,14
2,gpt,gpt-4.1-mini,1,0,5,14
2,gpt,gpt-4.1-mini,1,0,6,14
2,gpt,gpt-4.1-mini,1,0,7,14
2,gpt,gpt-4.1-mini,1,0,8,14
2,gpt,gpt-4.1-mini,1,0,9,14
2,gpt,gpt-4.1-mini,1,0.4,0,14
2,gpt,gpt-4.1-mini,1,0.4,1,14
2,gpt,gpt-4.1-mini,1,0.4,2,14
2,gpt,gpt-4.1-mini,1,0.4,3,14
2,gpt,gpt-4.1-mini,1,0.4,4,14
2,gpt,gpt-4.1-mini,1,0.4,5,14
2,gpt,gpt-4.1-mini,1,0.4,6,14
2,gpt,gpt-4.1-mini,1,0.4,7,14
2,gpt,gpt-4.1-mini,1,0.4,8,14
2,gpt,gpt-4.1-mini,1,0.4,9,14
2,gpt,gpt-4.1-mini,1,0.8,0,14
2,gpt,gpt-4.1-mini,1,0.8,1,14
2,gpt,gpt-4.1-mini,1,0.8,2,14
2,gpt,gpt-4.1-mini,1,0.8,3,14
2,gpt,gpt-4.1-mini,1,0.8,4,14
2,gpt,gpt-4.1-mini,1,0.8,5,14
2,gpt,gpt-4.1-mini,1,0.8,6,14
2,gpt,gpt-4.1-mini,1,0.8,7,14
2,gpt,gpt-4.1-mini,1,0.8,8,14
2,gpt,gpt-4.1-mini,1,0.8,9,14
2,gpt,gpt-4.1-mini,1,1.2,0,14
2,gpt,gpt-4.1-mini,1,1.2,1,14
2,gpt,gpt-4.1-mini,1,1.2,2,14
2,gpt,gpt-4.1-mini,1,1.2,3,14
2,gpt,gpt-4.1-mini,1,1.2,4,14
2,gpt,gpt-4.1-mini,1,1.2,5,14
2,gpt,gpt-4.1-mini,1,1.2,6,14
2,gpt,gpt-4.1-mini,1,1.2,7,14
2,gpt,gpt-4.1-mini,1,1.2,8,14
2,gpt,gpt-4.1-mini,1,1.2,9,14
2,gpt,gpt-4.1-mini,1,1.6,0,14
2,gpt,gpt-4.1-mini,1,1.6,1,14
2,gpt,gpt-4.1-mini,1,1.6,2,14
2,gpt,gpt-4.1-mini,1,1.6,3,14
2,gpt,gpt-4.1-mini,1,1.6,4,14
2,gpt,gpt-4.1-mini,1,1.6,5,14
2,gpt,gpt-4.1-mini,1,1.6,6,14
2,gpt,gpt-4.1-mini,1,1.6,7,14
2,gpt,gpt-4.1-mini,1,1.6,8,14
2,gpt,gpt-4.1-mini,1,1.6,9,14
1,gpt,gpt-4.1-mini,1,0,0,15
1,gpt,gpt-4.1-mini,1,0,1,15
1,gpt,gpt-4.1-mini,1,0,2,15
1,gpt,gpt-4.1-mini,1,0,3,15
1,gpt,gpt-4.1-mini,1,0,4,15
1,gpt,gpt-4.1-mini,1,0,5,15
3,gpt,gpt-4.1-mini,1,0,6,15
1,gpt,gpt-4.1-mini,1,0,7,15
1,gpt,gpt-4.1-mini,1,0,8,15
1,gpt,gpt-4.1-mini,1,0,9,15
1,gpt,gpt-4.1-mini,1,0.4,0,15
3,gpt,gpt-4.1-mini,1,0.4,1,15
3,gpt,gpt-4.1-mini,1,0.4,2,15
1,gpt,gpt-4.1-mini,1,0.4,3,15
3,gpt,gpt-4.1-mini,1,0.4,4,15
1,gpt,gpt-4.1-mini,1,0.4,5,15
3,gpt,gpt-4.1-mini,1,0.4,6,15
1,gpt,gpt-4.1-mini,1,0.4,7,15
3,gpt,gpt-4.1-mini,1,0.4,8,15
1,gpt,gpt-4.1-mini,1,0.4,9,15
3,gpt,gpt-4.1-mini,1,0.8,0,15
1,gpt,gpt-4.1-mini,1,0.8,1,15
1,gpt,gpt-4.1-mini,1,0.8,2,15
1,gpt,gpt-4.1-mini,1,0.8,3,15
1,gpt,gpt-4.1-mini,1,0.8,4,15
1,gpt,gpt-4.1-mini,1,0.8,5,15
1,gpt,gpt-4.1-mini,1,0.8,6,15
3,gpt,gpt-4.1-mini,1,0.8,7,15
1,gpt,gpt-4.1-mini,1,0.8,8,15
1,gpt,gpt-4.1-mini,1,0.8,9,15
3,gpt,gpt-4.1-mini,1,1.2,0,15
3,gpt,gpt-4.1-mini,1,1.2,1,15
3,gpt,gpt-4.1-mini,1,1.2,2,15
1,gpt,gpt-4.1-mini,1,1.2,3,15
3,gpt,gpt-4.1-mini,1,1.2,4,15
1,gpt,gpt-4.1-mini,1,1.2,5,15
3,gpt,gpt-4.1-mini,1,1.2,6,15
3,gpt,gpt-4.1-mini,1,1.2,7,15
1,gpt,gpt-4.1-mini,1,1.2,8,15
1,gpt,gpt-4.1-mini,1,1.2,9,15
1,gpt,gpt-4.1-mini,1,1.6,0,15
1,gpt,gpt-4.1-mini,1,1.6,1,15
3,gpt,gpt-4.1-mini,1,1.6,2,15
1,gpt,gpt-4.1-mini,1,1.6,3,15
1,gpt,gpt-4.1-mini,1,1.6,4,15
3,gpt,gpt-4.1-mini,1,1.6,5,15
1,gpt,gpt-4.1-mini,1,1.6,6,15
1,gpt,gpt-4.1-mini,1,1.6,7,15
1,gpt,gpt-4.1-mini,1,1.6,8,15
1,gpt,gpt-4.1-mini,1,1.6,9,15
3,gpt,gpt-4.1-mini,1,0,0,16
3,gpt,gpt-4.1-mini,1,0,1,16
3,gpt,gpt-4.1-mini,1,0,2,16
3,gpt,gpt-4.1-mini,1,0,3,16
3,gpt,gpt-4.1-mini,1,0,4,16
3,gpt,gpt-4.1-mini,1,0,5,16
3,gpt,gpt-4.1-mini,1,0,6,16
3,gpt,gpt-4.1-mini,1,0,7,16
3,gpt,gpt-4.1-mini,1,0,8,16
3,gpt,gpt-4.1-mini,1,0,9,16
3,gpt,gpt-4.1-mini,1,0.4,0,16
3,gpt,gpt-4.1-mini,1,0.4,1,16
3,gpt,gpt-4.1-mini,1,0.4,2,16
3,gpt,gpt-4.1-mini,1,0.4,3,16
3,gpt,gpt-4.1-mini,1,0.4,4,16
3,gpt,gpt-4.1-mini,1,0.4,5,16
3,gpt,gpt-4.1-mini,1,0.4,6,16
3,gpt,gpt-4.1-mini,1,0.4,7,16
3,gpt,gpt-4.1-mini,1,0.4,8,16
3,gpt,gpt-4.1-mini,1,0.4,9,16
3,gpt,gpt-4.1-mini,1,0.8,0,16
3,gpt,gpt-4.1-mini,1,0.8,1,16
3,gpt,gpt-4.1-mini,1,0.8,2,16
3,gpt,gpt-4.1-mini,1,0.8,3,16
3,gpt,gpt-4.1-mini,1,0.8,4,16
3,gpt,gpt-4.1-mini,1,0.8,5,16
3,gpt,gpt-4.1-mini,1,0.8,6,16
3,gpt,gpt-4.1-mini,1,0.8,7,16
3,gpt,gpt-4.1-mini,1,0.8,8,16
3,gpt,gpt-4.1-mini,1,0.8,9,16
3,gpt,gpt-4.1-mini,1,1.2,0,16
3,gpt,gpt-4.1-mini,1,1.2,1,16
3,gpt,gpt-4.1-mini,1,1.2,2,16
3,gpt,gpt-4.1-mini,1,1.2,3,16
3,gpt,gpt-4.1-mini,1,1.2,4,16
3,gpt,gpt-4.1-mini,1,1.2,5,16
3,gpt,gpt-4.1-mini,1,1.2,6,16
3,gpt,gpt-4.1-mini,1,1.2,7,16
3,gpt,gpt-4.1-mini,1,1.2,8,16
3,gpt,gpt-4.1-mini,1,1.2,9,16
3,gpt,gpt-4.1-mini,1,1.6,0,16
3,gpt,gpt-4.1-mini,1,1.6,1,16
3,gpt,gpt-4.1-mini,1,1.6,2,16
3,gpt,gpt-4.1-mini,1,1.6,3,16
3,gpt,gpt-4.1-mini,1,1.6,4,16
3,gpt,gpt-4.1-mini,1,1.6,5,16
3,gpt,gpt-4.1-mini,1,1.6,6,16
3,gpt,gpt-4.1-mini,1,1.6,7,16
3,gpt,gpt-4.1-mini,1,1.6,8,16
3,gpt,gpt-4.1-mini,1,1.6,9,16
3,gpt,gpt-4.1-mini,1,0,0,17
3,gpt,gpt-4.1-mini,1,0,1,17
3,gpt,gpt-4.1-mini,1,0,2,17
3,gpt,gpt-4.1-mini,1,0,3,17
1,gpt,gpt-4.1-mini,1,0,4,17
1,gpt,gpt-4.1-mini,1,0,5,17
1,gpt,gpt-4.1-mini,1,0,6,17
1,gpt,gpt-4.1-mini,1,0,7,17
1,gpt,gpt-4.1-mini,1,0,8,17
3,gpt,gpt-4.1-mini,1,0,9,17
3,gpt,gpt-4.1-mini,1,0.4,0,17
3,gpt,gpt-4.1-mini,1,0.4,1,17
1,gpt,gpt-4.1-mini,1,0.4,2,17
1,gpt,gpt-4.1-mini,1,0.4,3,17
3,gpt,gpt-4.1-mini,1,0.4,4,17
1,gpt,gpt-4.1-mini,1,0.4,5,17
3,gpt,gpt-4.1-mini,1,0.4,6,17
1,gpt,gpt-4.1-mini,1,0.4,7,17
1,gpt,gpt-4.1-mini,1,0.4,8,17
1,gpt,gpt-4.1-mini,1,0.4,9,17
1,gpt,gpt-4.1-mini,1,0.8,0,17
1,gpt,gpt-4.1-mini,1,0.8,1,17
3,gpt,gpt-4.1-mini,1,0.8,2,17
3,gpt,gpt-4.1-mini,1,0.8,3,17
3,gpt,gpt-4.1-mini,1,0.8,4,17
3,gpt,gpt-4.1-mini,1,0.8,5,17
1,gpt,gpt-4.1-mini,1,0.8,6,17
1,gpt,gpt-4.1-mini,1,0.8,7,17
1,gpt,gpt-4.1-mini,1,0.8,8,17
1,gpt,gpt-4.1-mini,1,0.8,9,17
1,gpt,gpt-4.1-mini,1,1.2,0,17
1,gpt,gpt-4.1-mini,1,1.2,1,17
1,gpt,gpt-4.1-mini,1,1.2,2,17
1,gpt,gpt-4.1-mini,1,1.2,3,17
1,gpt,gpt-4.1-mini,1,1.2,4,17
3,gpt,gpt-4.1-mini,1,1.2,5,17
1,gpt,gpt-4.1-mini,1,1.2,6,17
1,gpt,gpt-4.1-mini,1,1.2,7,17
3,gpt,gpt-4.1-mini,1,1.2,8,17
1,gpt,gpt-4.1-mini,1,1.2,9,17
1,gpt,gpt-4.1-mini,1,1.6,0,17
1,gpt,gpt-4.1-mini,1,1.6,1,17
1,gpt,gpt-4.1-mini,1,1.6,2,17
1,gpt,gpt-4.1-mini,1,1.6,3,17
1,gpt,gpt-4.1-mini,1,1.6,4,17
1,gpt,gpt-4.1-mini,1,1.6,5,17
1,gpt,gpt-4.1-mini,1,1.6,6,17
1,gpt,gpt-4.1-mini,1,1.6,7,17
1,gpt,gpt-4.1-mini,1,1.6,8,17
1,gpt,gpt-4.1-mini,1,1.6,9,17
2,gpt,gpt-4.1-mini,1,0,0,18
2,gpt,gpt-4.1-mini,1,0,1,18
2,gpt,gpt-4.1-mini,1,0,2,18
2,gpt,gpt-4.1-mini,1,0,3,18
2,gpt,gpt-4.1-mini,1,0,4,18
2,gpt,gpt-4.1-mini,1,0,5,18
2,gpt,gpt-4.1-mini,1,0,6,18
2,gpt,gpt-4.1-mini,1,0,7,18
2,gpt,gpt-4.1-mini,1,0,8,18
2,gpt,gpt-4.1-mini,1,0,9,18
2,gpt,gpt-4.1-mini,1,0.4,0,18
2,gpt,gpt-4.1-mini,1,0.4,1,18
2,gpt,gpt-4.1-mini,1,0.4,2,18
2,gpt,gpt-4.1-mini,1,0.4,3,18
2,gpt,gpt-4.1-mini,1,0.4,4,18
2,gpt,gpt-4.1-mini,1,0.4,5,18
2,gpt,gpt-4.1-mini,1,0.4,6,18
2,gpt,gpt-4.1-mini,1,0.4,7,18
2,gpt,gpt-4.1-mini,1,0.4,8,18
2,gpt,gpt-4.1-mini,1,0.4,9,18
2,gpt,gpt-4.1-mini,1,0.8,0,18
2,gpt,gpt-4.1-mini,1,0.8,1,18
2,gpt,gpt-4.1-mini,1,0.8,2,18
2,gpt,gpt-4.1-mini,1,0.8,3,18
2,gpt,gpt-4.1-mini,1,0.8,4,18
2,gpt,gpt-4.1-mini,1,0.8,5,18
2,gpt,gpt-4.1-mini,1,0.8,6,18
2,gpt,gpt-4.1-mini,1,0.8,7,18
2,gpt,gpt-4.1-mini,1,0.8,8,18
2,gpt,gpt-4.1-mini,1,0.8,9,18
2,gpt,gpt-4.1-mini,1,1.2,0,18
2,gpt,gpt-4.1-mini,1,1.2,1,18
2,gpt,gpt-4.1-mini,1,1.2,2,18
2,gpt,gpt-4.1-mini,1,1.2,3,18
2,gpt,gpt-4.1-mini,1,1.2,4,18
2,gpt,gpt-4.1-mini,1,1.2,5,18
2,gpt,gpt-4.1-mini,1,1.2,6,18
2,gpt,gpt-4.1-mini,1,1.2,7,18
2,gpt,gpt-4.1-mini,1,1.2,8,18
2,gpt,gpt-4.1-mini,1,1.2,9,18
2,gpt,gpt-4.1-mini,1,1.6,0,18
2,gpt,gpt-4.1-mini,1,1.6,1,18
3,gpt,gpt-4.1-mini,1,1.6,2,18
2,gpt,gpt-4.1-mini,1,1.6,3,18
2,gpt,gpt-4.1-mini,1,1.6,4,18
2,gpt,gpt-4.1-mini,1,1.6,5,18
2,gpt,gpt-4.1-mini,1,1.6,6,18
2,gpt,gpt-4.1-mini,1,1.6,7,18
2,gpt,gpt-4.1-mini,1,1.6,8,18
2,gpt,gpt-4.1-mini,1,1.6,9,18
3,gpt,gpt-4.1-mini,1,0,0,19
3,gpt,gpt-4.1-mini,1,0,1,19
3,gpt,gpt-4.1-mini,1,0,2,19
3,gpt,gpt-4.1-mini,1,0,3,19
3,gpt,gpt-4.1-mini,1,0,4,19
3,gpt,gpt-4.1-mini,1,0,5,19
3,gpt,gpt-4.1-mini,1,0,6,19
3,gpt,gpt-4.1-mini,1,0,7,19
3,gpt,gpt-4.1-mini,1,0,8,19
3,gpt,gpt-4.1-mini,1,0,9,19
3,gpt,gpt-4.1-mini,1,0.4,0,19
3,gpt,gpt-4.1-mini,1,0.4,1,19
3,gpt,gpt-4.1-mini,1,0.4,2,19
3,gpt,gpt-4.1-mini,1,0.4,3,19
3,gpt,gpt-4.1-mini,1,0.4,4,19
3,gpt,gpt-4.1-mini,1,0.4,5,19
3,gpt,gpt-4.1-mini,1,0.4,6,19
3,gpt,gpt-4.1-mini,1,0.4,7,19
3,gpt,gpt-4.1-mini,1,0.4,8,19
3,gpt,gpt-4.1-mini,1,0.4,9,19
3,gpt,gpt-4.1-mini,1,0.8,0,19
3,gpt,gpt-4.1-mini,1,0.8,1,19
3,gpt,gpt-4.1-mini,1,0.8,2,19
3,gpt,gpt-4.1-mini,1,0.8,3,19
3,gpt,gpt-4.1-mini,1,0.8,4,19
3,gpt,gpt-4.1-mini,1,0.8,5,19
3,gpt,gpt-4.1-mini,1,0.8,6,19
3,gpt,gpt-4.1-mini,1,0.8,7,19
3,gpt,gpt-4.1-mini,1,0.8,8,19
3,gpt,gpt-4.1-mini,1,0.8,9,19
3,gpt,gpt-4.1-mini,1,1.2,0,19
3,gpt,gpt-4.1-mini,1,1.2,1,19
3,gpt,gpt-4.1-mini,1,1.2,2,19
3,gpt,gpt-4.1-mini,1,1.2,3,19
3,gpt,gpt-4.1-mini,1,1.2,4,19
3,gpt,gpt-4.1-mini,1,1.2,5,19
3,gpt,gpt-4.1-mini,1,1.2,6,19
3,gpt,gpt-4.1-mini,1,1.2,7,19
3,gpt,gpt-4.1-mini,1,1.2,8,19
3,gpt,gpt-4.1-mini,1,1.2,9,19
3,gpt,gpt-4.1-mini,1,1.6,0,19
3,gpt,gpt-4.1-mini,1,1.6,1,19
3,gpt,gpt-4.1-mini,1,1.6,2,19
3,gpt,gpt-4.1-mini,1,1.6,3,19
3,gpt,gpt-4.1-mini,1,1.6,4,19
3,gpt,gpt-4.1-mini,1,1.6,5,19
3,gpt,gpt-4.1-mini,1,1.6,6,19
3,gpt,gpt-4.1-mini,1,1.6,7,19
3,gpt,gpt-4.1-mini,1,1.6,8,19
3,gpt,gpt-4.1-mini,1,1.6,9,19
1,gpt,gpt-4.1-mini,1,0,0,20
1,gpt,gpt-4.1-mini,1,0,1,20
1,gpt,gpt-4.1-mini,1,0,2,20
1,gpt,gpt-4.1-mini,1,0,3,20
1,gpt,gpt-4.1-mini,1,0,4,20
1,gpt,gpt-4.1-mini,1,0,5,20
1,gpt,gpt-4.1-mini,1,0,6,20
1,gpt,gpt-4.1-mini,1,0,7,20
1,gpt,gpt-4.1-mini,1,0,8,20
1,gpt,gpt-4.1-mini,1,0,9,20
1,gpt,gpt-4.1-mini,1,0.4,0,20
1,gpt,gpt-4.1-mini,1,0.4,1,20
1,gpt,gpt-4.1-mini,1,0.4,2,20
1,gpt,gpt-4.1-mini,1,0.4,3,20
1,gpt,gpt-4.1-mini,1,0.4,4,20
1,gpt,gpt-4.1-mini,1,0.4,5,20
1,gpt,gpt-4.1-mini,1,0.4,6,20
1,gpt,gpt-4.1-mini,1,0.4,7,20
1,gpt,gpt-4.1-mini,1,0.4,8,20
1,gpt,gpt-4.1-mini,1,0.4,9,20
1,gpt,gpt-4.1-mini,1,0.8,0,20
1,gpt,gpt-4.1-mini,1,0.8,1,20
1,gpt,gpt-4.1-mini,1,0.8,2,20
1,gpt,gpt-4.1-mini,1,0.8,3,20
1,gpt,gpt-4.1-mini,1,0.8,4,20
1,gpt,gpt-4.1-mini,1,0.8,5,20
3,gpt,gpt-4.1-mini,1,0.8,6,20
1,gpt,gpt-4.1-mini,1,0.8,7,20
1,gpt,gpt-4.1-mini,1,0.8,8,20
1,gpt,gpt-4.1-mini,1,0.8,9,20
1,gpt,gpt-4.1-mini,1,1.2,0,20
1,gpt,gpt-4.1-mini,1,1.2,1,20
1,gpt,gpt-4.1-mini,1,1.2,2,20
1,gpt,gpt-4.1-mini,1,1.2,3,20
1,gpt,gpt-4.1-mini,1,1.2,4,20
1,gpt,gpt-4.1-mini,1,1.2,5,20
1,gpt,gpt-4.1-mini,1,1.2,6,20
1,gpt,gpt-4.1-mini,1,1.2,7,20
1,gpt,gpt-4.1-mini,1,1.2,8,20
1,gpt,gpt-4.1-mini,1,1.2,9,20
1,gpt,gpt-4.1-mini,1,1.6,0,20
1,gpt,gpt-4.1-mini,1,1.6,1,20
1,gpt,gpt-4.1-mini,1,1.6,2,20
1,gpt,gpt-4.1-mini,1,1.6,3,20
1,gpt,gpt-4.1-mini,1,1.6,4,20
1,gpt,gpt-4.1-mini,1,1.6,5,20
3,gpt,gpt-4.1-mini,1,1.6,6,20
1,gpt,gpt-4.1-mini,1,1.6,7,20
1,gpt,gpt-4.1-mini,1,1.6,8,20
1,gpt,gpt-4.1-mini,1,1.6,9,20
2,gpt,gpt-4.1-mini,1,0,0,21
2,gpt,gpt-4.1-mini,1,0,1,21
2,gpt,gpt-4.1-mini,1,0,2,21
2,gpt,gpt-4.1-mini,1,0,3,21
2,gpt,gpt-4.1-mini,1,0,4,21
2,gpt,gpt-4.1-mini,1,0,5,21
2,gpt,gpt-4.1-mini,1,0,6,21
2,gpt,gpt-4.1-mini,1,0,7,21
2,gpt,gpt-4.1-mini,1,0,8,21
2,gpt,gpt-4.1-mini,1,0,9,21
2,gpt,gpt-4.1-mini,1,0.4,0,21
2,gpt,gpt-4.1-mini,1,0.4,1,21
2,gpt,gpt-4.1-mini,1,0.4,2,21
2,gpt,gpt-4.1-mini,1,0.4,3,21
2,gpt,gpt-4.1-mini,1,0.4,4,21
2,gpt,gpt-4.1-mini,1,0.4,5,21
2,gpt,gpt-4.1-mini,1,0.4,6,21
2,gpt,gpt-4.1-mini,1,0.4,7,21
2,gpt,gpt-4.1-mini,1,0.4,8,21
2,gpt,gpt-4.1-mini,1,0.4,9,21
2,gpt,gpt-4.1-mini,1,0.8,0,21
2,gpt,gpt-4.1-mini,1,0.8,1,21
2,gpt,gpt-4.1-mini,1,0.8,2,21
2,gpt,gpt-4.1-mini,1,0.8,3,21
2,gpt,gpt-4.1-mini,1,0.8,4,21
2,gpt,gpt-4.1-mini,1,0.8,5,21
2,gpt,gpt-4.1-mini,1,0.8,6,21
2,gpt,gpt-4.1-mini,1,0.8,7,21
2,gpt,gpt-4.1-mini,1,0.8,8,21
2,gpt,gpt-4.1-mini,1,0.8,9,21
2,gpt,gpt-4.1-mini,1,1.2,0,21
2,gpt,gpt-4.1-mini,1,1.2,1,21
2,gpt,gpt-4.1-mini,1,1.2,2,21
2,gpt,gpt-4.1-mini,1,1.2,3,21
2,gpt,gpt-4.1-mini,1,1.2,4,21
2,gpt,gpt-4.1-mini,1,1.2,5,21
2,gpt,gpt-4.1-mini,1,1.2,6,21
2,gpt,gpt-4.1-mini,1,1.2,7,21
2,gpt,gpt-4.1-mini,1,1.2,8,21
2,gpt,gpt-4.1-mini,1,1.2,9,21
2,gpt,gpt-4.1-mini,1,1.6,0,21
2,gpt,gpt-4.1-mini,1,1.6,1,21
3,gpt,gpt-4.1-mini,1,1.6,2,21
2,gpt,gpt-4.1-mini,1,1.6,3,21
2,gpt,gpt-4.1-mini,1,1.6,4,21
2,gpt,gpt-4.1-mini,1,1.6,5,21
2,gpt,gpt-4.1-mini,1,1.6,6,21
2,gpt,gpt-4.1-mini,1,1.6,7,21
2,gpt,gpt-4.1-mini,1,1.6,8,21
2,gpt,gpt-4.1-mini,1,1.6,9,21
1,gpt,gpt-4.1-mini,1,0,0,22
1,gpt,gpt-4.1-mini,1,0,1,22
1,gpt,gpt-4.1-mini,1,0,2,22
1,gpt,gpt-4.1-mini,1,0,3,22
1,gpt,gpt-4.1-mini,1,0,4,22
1,gpt,gpt-4.1-mini,1,0,5,22
1,gpt,gpt-4.1-mini,1,0,6,22
1,gpt,gpt-4.1-mini,1,0,7,22
1,gpt,gpt-4.1-mini,1,0,8,22
1,gpt,gpt-4.1-mini,1,0,9,22
1,gpt,gpt-4.1-mini,1,0.4,0,22
1,gpt,gpt-4.1-mini,1,0.4,1,22
1,gpt,gpt-4.1-mini,1,0.4,2,22
1,gpt,gpt-4.1-mini,1,0.4,3,22
3,gpt,gpt-4.1-mini,1,0.4,4,22
1,gpt,gpt-4.1-mini,1,0.4,5,22
1,gpt,gpt-4.1-mini,1,0.4,6,22
1,gpt,gpt-4.1-mini,1,0.4,7,22
1,gpt,gpt-4.1-mini,1,0.4,8,22
1,gpt,gpt-4.1-mini,1,0.4,9,22
3,gpt,gpt-4.1-mini,1,0.8,0,22
1,gpt,gpt-4.1-mini,1,0.8,1,22
1,gpt,gpt-4.1-mini,1,0.8,2,22
1,gpt,gpt-4.1-mini,1,0.8,3,22
1,gpt,gpt-4.1-mini,1,0.8,4,22
1,gpt,gpt-4.1-mini,1,0.8,5,22
3,gpt,gpt-4.1-mini,1,0.8,6,22
1,gpt,gpt-4.1-mini,1,0.8,7,22
1,gpt,gpt-4.1-mini,1,0.8,8,22
1,gpt,gpt-4.1-mini,1,0.8,9,22
1,gpt,gpt-4.1-mini,1,1.2,0,22
1,gpt,gpt-4.1-mini,1,1.2,1,22
1,gpt,gpt-4.1-mini,1,1.2,2,22
1,gpt,gpt-4.1-mini,1,1.2,3,22
1,gpt,gpt-4.1-mini,1,1.2,4,22
3,gpt,gpt-4.1-mini,1,1.2,5,22
1,gpt,gpt-4.1-mini,1,1.2,6,22
1,gpt,gpt-4.1-mini,1,1.2,7,22
1,gpt,gpt-4.1-mini,1,1.2,8,22
1,gpt,gpt-4.1-mini,1,1.2,9,22
3,gpt,gpt-4.1-mini,1,1.6,0,22
1,gpt,gpt-4.1-mini,1,1.6,1,22
1,gpt,gpt-4.1-mini,1,1.6,2,22
3,gpt,gpt-4.1-mini,1,1.6,3,22
1,gpt,gpt-4.1-mini,1,1.6,4,22
1,gpt,gpt-4.1-mini,1,1.6,5,22
1,gpt,gpt-4.1-mini,1,1.6,6,22
1,gpt,gpt-4.1-mini,1,1.6,7,22
1,gpt,gpt-4.1-mini,1,1.6,8,22
1,gpt,gpt-4.1-mini,1,1.6,9,22
1,gpt,gpt-4.1-mini,1,0,0,23
1,gpt,gpt-4.1-mini,1,0,1,23
1,gpt,gpt-4.1-mini,1,0,2,23
1,gpt,gpt-4.1-mini,1,0,3,23
1,gpt,gpt-4.1-mini,1,0,4,23
1,gpt,gpt-4.1-mini,1,0,5,23
1,gpt,gpt-4.1-mini,1,0,6,23
1,gpt,gpt-4.1-mini,1,0,7,23
1,gpt,gpt-4.1-mini,1,0,8,23
1,gpt,gpt-4.1-mini,1,0,9,23
1,gpt,gpt-4.1-mini,1,0.4,0,23
1,gpt,gpt-4.1-mini,1,0.4,1,23
1,gpt,gpt-4.1-mini,1,0.4,2,23
1,gpt,gpt-4.1-mini,1,0.4,3,23
1,gpt,gpt-4.1-mini,1,0.4,4,23
1,gpt,gpt-4.1-mini,1,0.4,5,23
1,gpt,gpt-4.1-mini,1,0.4,6,23
1,gpt,gpt-4.1-mini,1,0.4,7,23
1,gpt,gpt-4.1-mini,1,0.4,8,23
1,gpt,gpt-4.1-mini,1,0.4,9,23
1,gpt,gpt-4.1-mini,1,0.8,0,23
1,gpt,gpt-4.1-mini,1,0.8,1,23
1,gpt,gpt-4.1-mini,1,0.8,2,23
1,gpt,gpt-4.1-mini,1,0.8,3,23
1,gpt,gpt-4.1-mini,1,0.8,4,23
1,gpt,gpt-4.1-mini,1,0.8,5,23
1,gpt,gpt-4.1-mini,1,0.8,6,23
1,gpt,gpt-4.1-mini,1,0.8,7,23
1,gpt,gpt-4.1-mini,1,0.8,8,23
1,gpt,gpt-4.1-mini,1,0.8,9,23
1,gpt,gpt-4.1-mini,1,1.2,0,23
1,gpt,gpt-4.1-mini,1,1.2,1,23
1,gpt,gpt-4.1-mini,1,1.2,2,23
1,gpt,gpt-4.1-mini,1,1.2,3,23
1,gpt,gpt-4.1-mini,1,1.2,4,23
1,gpt,gpt-4.1-mini,1,1.2,5,23
1,gpt,gpt-4.1-mini,1,1.2,6,23
1,gpt,gpt-4.1-mini,1,1.2,7,23
1,gpt,gpt-4.1-mini,1,1.2,8,23
1,gpt,gpt-4.1-mini,1,1.2,9,23
1,gpt,gpt-4.1-mini,1,1.6,0,23
1,gpt,gpt-4.1-mini,1,1.6,1,23
1,gpt,gpt-4.1-mini,1,1.6,2,23
1,gpt,gpt-4.1-mini,1,1.6,3,23
1,gpt,gpt-4.1-mini,1,1.6,4,23
1,gpt,gpt-4.1-mini,1,1.6,5,23
1,gpt,gpt-4.1-mini,1,1.6,6,23
1,gpt,gpt-4.1-mini,1,1.6,7,23
1,gpt,gpt-4.1-mini,1,1.6,8,23
1,gpt,gpt-4.1-mini,1,1.6,9,23
0,gpt,gpt-4.1-mini,1,0,0,24
1,gpt,gpt-4.1-mini,1,0,1,24
0,gpt,gpt-4.1-mini,1,0,2,24
0,gpt,gpt-4.1-mini,1,0,3,24
0,gpt,gpt-4.1-mini,1,0,4,24
0,gpt,gpt-4.1-mini,1,0,5,24
0,gpt,gpt-4.1-mini,1,0,6,24
1,gpt,gpt-4.1-mini,1,0,7,24
0,gpt,gpt-4.1-mini,1,0,8,24
0,gpt,gpt-4.1-mini,1,0,9,24
0,gpt,gpt-4.1-mini,1,0.4,0,24
0,gpt,gpt-4.1-mini,1,0.4,1,24
0,gpt,gpt-4.1-mini,1,0.4,2,24
0,gpt,gpt-4.1-mini,1,0.4,3,24
1,gpt,gpt-4.1-mini,1,0.4,4,24
0,gpt,gpt-4.1-mini,1,0.4,5,24
1,gpt,gpt-4.1-mini,1,0.4,6,24
0,gpt,gpt-4.1-mini,1,0.4,7,24
0,gpt,gpt-4.1-mini,1,0.4,8,24
1,gpt,gpt-4.1-mini,1,0.4,9,24
0,gpt,gpt-4.1-mini,1,0.8,0,24
0,gpt,gpt-4.1-mini,1,0.8,1,24
0,gpt,gpt-4.1-mini,1,0.8,2,24
0,gpt,gpt-4.1-mini,1,0.8,3,24
1,gpt,gpt-4.1-mini,1,0.8,4,24
0,gpt,gpt-4.1-mini,1,0.8,5,24
1,gpt,gpt-4.1-mini,1,0.8,6,24
0,gpt,gpt-4.1-mini,1,0.8,7,24
0,gpt,gpt-4.1-mini,1,0.8,8,24
0,gpt,gpt-4.1-mini,1,0.8,9,24
1,gpt,gpt-4.1-mini,1,1.2,0,24
0,gpt,gpt-4.1-mini,1,1.2,1,24
1,gpt,gpt-4.1-mini,1,1.2,2,24
0,gpt,gpt-4.1-mini,1,1.2,3,24
1,gpt,gpt-4.1-mini,1,1.2,4,24
0,gpt,gpt-4.1-mini,1,1.2,5,24
1,gpt,gpt-4.1-mini,1,1.2,6,24
1,gpt,gpt-4.1-mini,1,1.2,7,24
1,gpt,gpt-4.1-mini,1,1.2,8,24
1,gpt,gpt-4.1-mini,1,1.2,9,24
0,gpt,gpt-4.1-mini,1,1.6,0,24
0,gpt,gpt-4.1-mini,1,1.6,1,24
1,gpt,gpt-4.1-mini,1,1.6,2,24
1,gpt,gpt-4.1-mini,1,1.6,3,24
3,gpt,gpt-4.1-mini,1,1.6,4,24
0,gpt,gpt-4.1-mini,1,1.6,5,24
1,gpt,gpt-4.1-mini,1,1.6,6,24
0,gpt,gpt-4.1-mini,1,1.6,7,24
1,gpt,gpt-4.1-mini,1,1.6,8,24
0,gpt,gpt-4.1-mini,1,1.6,9,24
2,gpt,gpt-4.1-mini,1,0,0,25
2,gpt,gpt-4.1-mini,1,0,1,25
2,gpt,gpt-4.1-mini,1,0,2,25
2,gpt,gpt-4.1-mini,1,0,3,25
2,gpt,gpt-4.1-mini,1,0,4,25
2,gpt,gpt-4.1-mini,1,0,5,25
2,gpt,gpt-4.1-mini,1,0,6,25
2,gpt,gpt-4.1-mini,1,0,7,25
2,gpt,gpt-4.1-mini,1,0,8,25
2,gpt,gpt-4.1-mini,1,0,9,25
2,gpt,gpt-4.1-mini,1,0.4,0,25
2,gpt,gpt-4.1-mini,1,0.4,1,25
2,gpt,gpt-4.1-mini,1,0.4,2,25
2,gpt,gpt-4.1-mini,1,0.4,3,25
2,gpt,gpt-4.1-mini,1,0.4,4,25
2,gpt,gpt-4.1-mini,1,0.4,5,25
2,gpt,gpt-4.1-mini,1,0.4,6,25
2,gpt,gpt-4.1-mini,1,0.4,7,25
2,gpt,gpt-4.1-mini,1,0.4,8,25
2,gpt,gpt-4.1-mini,1,0.4,9,25
2,gpt,gpt-4.1-mini,1,0.8,0,25
2,gpt,gpt-4.1-mini,1,0.8,1,25
2,gpt,gpt-4.1-mini,1,0.8,2,25
2,gpt,gpt-4.1-mini,1,0.8,3,25
2,gpt,gpt-4.1-mini,1,0.8,4,25
1,gpt,gpt-4.1-mini,1,0.8,5,25
2,gpt,gpt-4.1-mini,1,0.8,6,25
2,gpt,gpt-4.1-mini,1,0.8,7,25
2,gpt,gpt-4.1-mini,1,0.8,8,25
2,gpt,gpt-4.1-mini,1,0.8,9,25
1,gpt,gpt-4.1-mini,1,1.2,0,25
2,gpt,gpt-4.1-mini,1,1.2,1,25
2,gpt,gpt-4.1-mini,1,1.2,2,25
2,gpt,gpt-4.1-mini,1,1.2,3,25
2,gpt,gpt-4.1-mini,1,1.2,4,25
2,gpt,gpt-4.1-mini,1,1.2,5,25
2,gpt,gpt-4.1-mini,1,1.2,6,25
1,gpt,gpt-4.1-mini,1,1.2,7,25
2,gpt,gpt-4.1-mini,1,1.2,8,25
2,gpt,gpt-4.1-mini,1,1.2,9,25
2,gpt,gpt-4.1-mini,1,1.6,0,25
1,gpt,gpt-4.1-mini,1,1.6,1,25
2,gpt,gpt-4.1-mini,1,1.6,2,25
2,gpt,gpt-4.1-mini,1,1.6,3,25
2,gpt,gpt-4.1-mini,1,1.6,4,25
2,gpt,gpt-4.1-mini,1,1.6,5,25
2,gpt,gpt-4.1-mini,1,1.6,6,25
1,gpt,gpt-4.1-mini,1,1.6,7,25
2,gpt,gpt-4.1-mini,1,1.6,8,25
2,gpt,gpt-4.1-mini,1,1.6,9,25
3,gpt,gpt-4.1-mini,1,0,0,26
3,gpt,gpt-4.1-mini,1,0,1,26
3,gpt,gpt-4.1-mini,1,0,2,26
3,gpt,gpt-4.1-mini,1,0,3,26
3,gpt,gpt-4.1-mini,1,0,4,26
3,gpt,gpt-4.1-mini,1,0,5,26
3,gpt,gpt-4.1-mini,1,0,6,26
3,gpt,gpt-4.1-mini,1,0,7,26
3,gpt,gpt-4.1-mini,1,0,8,26
3,gpt,gpt-4.1-mini,1,0,9,26
3,gpt,gpt-4.1-mini,1,0.4,0,26
3,gpt,gpt-4.1-mini,1,0.4,1,26
3,gpt,gpt-4.1-mini,1,0.4,2,26
3,gpt,gpt-4.1-mini,1,0.4,3,26
3,gpt,gpt-4.1-mini,1,0.4,4,26
3,gpt,gpt-4.1-mini,1,0.4,5,26
3,gpt,gpt-4.1-mini,1,0.4,6,26
3,gpt,gpt-4.1-mini,1,0.4,7,26
3,gpt,gpt-4.1-mini,1,0.4,8,26
3,gpt,gpt-4.1-mini,1,0.4,9,26
3,gpt,gpt-4.1-mini,1,0.8,0,26
3,gpt,gpt-4.1-mini,1,0.8,1,26
3,gpt,gpt-4.1-mini,1,0.8,2,26
3,gpt,gpt-4.1-mini,1,0.8,3,26
3,gpt,gpt-4.1-mini,1,0.8,4,26
3,gpt,gpt-4.1-mini,1,0.8,5,26
3,gpt,gpt-4.1-mini,1,0.8,6,26
3,gpt,gpt-4.1-mini,1,0.8,7,26
3,gpt,gpt-4.1-mini,1,0.8,8,26
3,gpt,gpt-4.1-mini,1,0.8,9,26
3,gpt,gpt-4.1-mini,1,1.2,0,26
3,gpt,gpt-4.1-mini,1,1.2,1,26
3,gpt,gpt-4.1-mini,1,1.2,2,26
3,gpt,gpt-4.1-mini,1,1.2,3,26
3,gpt,gpt-4.1-mini,1,1.2,4,26
3,gpt,gpt-4.1-mini,1,1.2,5,26
3,gpt,gpt-4.1-mini,1,1.2,6,26
3,gpt,gpt-4.1-mini,1,1.2,7,26
3,gpt,gpt-4.1-mini,1,1.2,8,26
3,gpt,gpt-4.1-mini,1,1.2,9,26
3,gpt,gpt-4.1-mini,1,1.6,0,26
3,gpt,gpt-4.1-mini,1,1.6,1,26
3,gpt,gpt-4.1-mini,1,1.6,2,26
3,gpt,gpt-4.1-mini,1,1.6,3,26
3,gpt,gpt-4.1-mini,1,1.6,4,26
3,gpt,gpt-4.1-mini,1,1.6,5,26
3,gpt,gpt-4.1-mini,1,1.6,6,26
3,gpt,gpt-4.1-mini,1,1.6,7,26
3,gpt,gpt-4.1-mini,1,1.6,8,26
3,gpt,gpt-4.1-mini,1,1.6,9,26
1,gpt,gpt-4.1-mini,1,0,0,27
1,gpt,gpt-4.1-mini,1,0,1,27
1,gpt,gpt-4.1-mini,1,0,2,27
1,gpt,gpt-4.1-mini,1,0,3,27
1,gpt,gpt-4.1-mini,1,0,4,27
1,gpt,gpt-4.1-mini,1,0,5,27
1,gpt,gpt-4.1-mini,1,0,6,27
1,gpt,gpt-4.1-mini,1,0,7,27
1,gpt,gpt-4.1-mini,1,0,8,27
1,gpt,gpt-4.1-mini,1,0,9,27
1,gpt,gpt-4.1-mini,1,0.4,0,27
1,gpt,gpt-4.1-mini,1,0.4,1,27
1,gpt,gpt-4.1-mini,1,0.4,2,27
1,gpt,gpt-4.1-mini,1,0.4,3,27
1,gpt,gpt-4.1-mini,1,0.4,4,27
1,gpt,gpt-4.1-mini,1,0.4,5,27
1,gpt,gpt-4.1-mini,1,0.4,6,27
1,gpt,gpt-4.1-mini,1,0.4,7,27
1,gpt,gpt-4.1-mini,1,0.4,8,27
1,gpt,gpt-4.1-mini,1,0.4,9,27
1,gpt,gpt-4.1-mini,1,0.8,0,27
1,gpt,gpt-4.1-mini,1,0.8,1,27
1,gpt,gpt-4.1-mini,1,0.8,2,27
1,gpt,gpt-4.1-mini,1,0.8,3,27
1,gpt,gpt-4.1-mini,1,0.8,4,27
1,gpt,gpt-4.1-mini,1,0.8,5,27
1,gpt,gpt-4.1-mini,1,0.8,6,27
1,gpt,gpt-4.1-mini,1,0.8,7,27
1,gpt,gpt-4.1-mini,1,0.8,8,27
1,gpt,gpt-4.1-mini,1,0.8,9,27
1,gpt,gpt-4.1-mini,1,1.2,0,27
1,gpt,gpt-4.1-mini,1,1.2,1,27
1,gpt,gpt-4.1-mini,1,1.2,2,27
1,gpt,gpt-4.1-mini,1,1.2,3,27
1,gpt,gpt-4.1-mini,1,1.2,4,27
1,gpt,gpt-4.1-mini,1,1.2,5,27
1,gpt,gpt-4.1-mini,1,1.2,6,27
1,gpt,gpt-4.1-mini,1,1.2,7,27
1,gpt,gpt-4.1-mini,1,1.2,8,27
1,gpt,gpt-4.1-mini,1,1.2,9,27
1,gpt,gpt-4.1-mini,1,1.6,0,27
1,gpt,gpt-4.1-mini,1,1.6,1,27
1,gpt,gpt-4.1-mini,1,1.6,2,27
1,gpt,gpt-4.1-mini,1,1.6,3,27
1,gpt,gpt-4.1-mini,1,1.6,4,27
1,gpt,gpt-4.1-mini,1,1.6,5,27
1,gpt,gpt-4.1-mini,1,1.6,6,27
1,gpt,gpt-4.1-mini,1,1.6,7,27
1,gpt,gpt-4.1-mini,1,1.6,8,27
1,gpt,gpt-4.1-mini,1,1.6,9,27
3,gpt,gpt-4.1-mini,1,0,0,28
3,gpt,gpt-4.1-mini,1,0,1,28
3,gpt,gpt-4.1-mini,1,0,2,28
3,gpt,gpt-4.1-mini,1,0,3,28
3,gpt,gpt-4.1-mini,1,0,4,28
3,gpt,gpt-4.1-mini,1,0,5,28
3,gpt,gpt-4.1-mini,1,0,6,28
3,gpt,gpt-4.1-mini,1,0,7,28
3,gpt,gpt-4.1-mini,1,0,8,28
3,gpt,gpt-4.1-mini,1,0,9,28
3,gpt,gpt-4.1-mini,1,0.4,0,28
3,gpt,gpt-4.1-mini,1,0.4,1,28
3,gpt,gpt-4.1-mini,1,0.4,2,28
3,gpt,gpt-4.1-mini,1,0.4,3,28
3,gpt,gpt-4.1-mini,1,0.4,4,28
3,gpt,gpt-4.1-mini,1,0.4,5,28
3,gpt,gpt-4.1-mini,1,0.4,6,28
3,gpt,gpt-4.1-mini,1,0.4,7,28
3,gpt,gpt-4.1-mini,1,0.4,8,28
3,gpt,gpt-4.1-mini,1,0.4,9,28
3,gpt,gpt-4.1-mini,1,0.8,0,28
3,gpt,gpt-4.1-mini,1,0.8,1,28
3,gpt,gpt-4.1-mini,1,0.8,2,28
3,gpt,gpt-4.1-mini,1,0.8,3,28
3,gpt,gpt-4.1-mini,1,0.8,4,28
3,gpt,gpt-4.1-mini,1,0.8,5,28
3,gpt,gpt-4.1-mini,1,0.8,6,28
3,gpt,gpt-4.1-mini,1,0.8,7,28
3,gpt,gpt-4.1-mini,1,0.8,8,28
3,gpt,gpt-4.1-mini,1,0.8,9,28
3,gpt,gpt-4.1-mini,1,1.2,0,28
3,gpt,gpt-4.1-mini,1,1.2,1,28
3,gpt,gpt-4.1-mini,1,1.2,2,28
3,gpt,gpt-4.1-mini,1,1.2,3,28
3,gpt,gpt-4.1-mini,1,1.2,4,28
1,gpt,gpt-4.1-mini,1,1.2,5,28
3,gpt,gpt-4.1-mini,1,1.2,6,28
3,gpt,gpt-4.1-mini,1,1.2,7,28
3,gpt,gpt-4.1-mini,1,1.2,8,28
3,gpt,gpt-4.1-mini,1,1.2,9,28
3,gpt,gpt-4.1-mini,1,1.6,0,28
3,gpt,gpt-4.1-mini,1,1.6,1,28
3,gpt,gpt-4.1-mini,1,1.6,2,28
3,gpt,gpt-4.1-mini,1,1.6,3,28
3,gpt,gpt-4.1-mini,1,1.6,4,28
3,gpt,gpt-4.1-mini,1,1.6,5,28
1,gpt,gpt-4.1-mini,1,1.6,6,28
3,gpt,gpt-4.1-mini,1,1.6,7,28
3,gpt,gpt-4.1-mini,1,1.6,8,28
1,gpt,gpt-4.1-mini,1,1.6,9,28
1,gpt,gpt-4.1-mini,1,0,0,29
1,gpt,gpt-4.1-mini,1,0,1,29
1,gpt,gpt-4.1-mini,1,0,2,29
1,gpt,gpt-4.1-mini,1,0,3,29
1,gpt,gpt-4.1-mini,1,0,4,29
1,gpt,gpt-4.1-mini,1,0,5,29
1,gpt,gpt-4.1-mini,1,0,6,29
1,gpt,gpt-4.1-mini,1,0,7,29
1,gpt,gpt-4.1-mini,1,0,8,29
1,gpt,gpt-4.1-mini,1,0,9,29
1,gpt,gpt-4.1-mini,1,0.4,0,29
1,gpt,gpt-4.1-mini,1,0.4,1,29
1,gpt,gpt-4.1-mini,1,0.4,2,29
1,gpt,gpt-4.1-mini,1,0.4,3,29
1,gpt,gpt-4.1-mini,1,0.4,4,29
1,gpt,gpt-4.1-mini,1,0.4,5,29
1,gpt,gpt-4.1-mini,1,0.4,6,29
1,gpt,gpt-4.1-mini,1,0.4,7,29
1,gpt,gpt-4.1-mini,1,0.4,8,29
1,gpt,gpt-4.1-mini,1,0.4,9,29
1,gpt,gpt-4.1-mini,1,0.8,0,29
1,gpt,gpt-4.1-mini,1,0.8,1,29
1,gpt,gpt-4.1-mini,1,0.8,2,29
1,gpt,gpt-4.1-mini,1,0.8,3,29
1,gpt,gpt-4.1-mini,1,0.8,4,29
1,gpt,gpt-4.1-mini,1,0.8,5,29
1,gpt,gpt-4.1-mini,1,0.8,6,29
1,gpt,gpt-4.1-mini,1,0.8,7,29
1,gpt,gpt-4.1-mini,1,0.8,8,29
1,gpt,gpt-4.1-mini,1,0.8,9,29
1,gpt,gpt-4.1-mini,1,1.2,0,29
3,gpt,gpt-4.1-mini,1,1.2,1,29
1,gpt,gpt-4.1-mini,1,1.2,2,29
1,gpt,gpt-4.1-mini,1,1.2,3,29
1,gpt,gpt-4.1-mini,1,1.2,4,29
3,gpt,gpt-4.1-mini,1,1.2,5,29
1,gpt,gpt-4.1-mini,1,1.2,6,29
1,gpt,gpt-4.1-mini,1,1.2,7,29
1,gpt,gpt-4.1-mini,1,1.2,8,29
1,gpt,gpt-4.1-mini,1,1.2,9,29
1,gpt,gpt-4.1-mini,1,1.6,0,29
1,gpt,gpt-4.1-mini,1,1.6,1,29
1,gpt,gpt-4.1-mini,1,1.6,2,29
1,gpt,gpt-4.1-mini,1,1.6,3,29
1,gpt,gpt-4.1-mini,1,1.6,4,29
3,gpt,gpt-4.1-mini,1,1.6,5,29
1,gpt,gpt-4.1-mini,1,1.6,6,29
3,gpt,gpt-4.1-mini,1,1.6,7,29
1,gpt,gpt-4.1-mini,1,1.6,8,29
1,gpt,gpt-4.1-mini,1,1.6,9,29
1,gpt,gpt-4.1-mini,1,0,0,30
1,gpt,gpt-4.1-mini,1,0,1,30
1,gpt,gpt-4.1-mini,1,0,2,30
1,gpt,gpt-4.1-mini,1,0,3,30
1,gpt,gpt-4.1-mini,1,0,4,30
1,gpt,gpt-4.1-mini,1,0,5,30
1,gpt,gpt-4.1-mini,1,0,6,30
1,gpt,gpt-4.1-mini,1,0,7,30
1,gpt,gpt-4.1-mini,1,0,8,30
1,gpt,gpt-4.1-mini,1,0,9,30
1,gpt,gpt-4.1-mini,1,0.4,0,30
1,gpt,gpt-4.1-mini,1,0.4,1,30
1,gpt,gpt-4.1-mini,1,0.4,2,30
1,gpt,gpt-4.1-mini,1,0.4,3,30
1,gpt,gpt-4.1-mini,1,0.4,4,30
1,gpt,gpt-4.1-mini,1,0.4,5,30
1,gpt,gpt-4.1-mini,1,0.4,6,30
1,gpt,gpt-4.1-mini,1,0.4,7,30
1,gpt,gpt-4.1-mini,1,0.4,8,30
1,gpt,gpt-4.1-mini,1,0.4,9,30
1,gpt,gpt-4.1-mini,1,0.8,0,30
1,gpt,gpt-4.1-mini,1,0.8,1,30
1,gpt,gpt-4.1-mini,1,0.8,2,30
1,gpt,gpt-4.1-mini,1,0.8,3,30
1,gpt,gpt-4.1-mini,1,0.8,4,30
1,gpt,gpt-4.1-mini,1,0.8,5,30
1,gpt,gpt-4.1-mini,1,0.8,6,30
1,gpt,gpt-4.1-mini,1,0.8,7,30
1,gpt,gpt-4.1-mini,1,0.8,8,30
1,gpt,gpt-4.1-mini,1,0.8,9,30
1,gpt,gpt-4.1-mini,1,1.2,0,30
1,gpt,gpt-4.1-mini,1,1.2,1,30
1,gpt,gpt-4.1-mini,1,1.2,2,30
1,gpt,gpt-4.1-mini,1,1.2,3,30
1,gpt,gpt-4.1-mini,1,1.2,4,30
1,gpt,gpt-4.1-mini,1,1.2,5,30
1,gpt,gpt-4.1-mini,1,1.2,6,30
1,gpt,gpt-4.1-mini,1,1.2,7,30
1,gpt,gpt-4.1-mini,1,1.2,8,30
1,gpt,gpt-4.1-mini,1,1.2,9,30
1,gpt,gpt-4.1-mini,1,1.6,0,30
1,gpt,gpt-4.1-mini,1,1.6,1,30
1,gpt,gpt-4.1-mini,1,1.6,2,30
1,gpt,gpt-4.1-mini,1,1.6,3,30
1,gpt,gpt-4.1-mini,1,1.6,4,30
1,gpt,gpt-4.1-mini,1,1.6,5,30
1,gpt,gpt-4.1-mini,1,1.6,6,30
1,gpt,gpt-4.1-mini,1,1.6,7,30
1,gpt,gpt-4.1-mini,1,1.6,8,30
1,gpt,gpt-4.1-mini,1,1.6,9,30
